candidate_id,Group,Num_mutations,Mutations,Risk_score,Critical_mutations,Near_exclusion,Sequence,base_score,stability_score,noise20_score,base_norm,stab_norm,noise_norm,risk_norm,final_score,saprot_score,esm_score,mpnn_base_norm,mpnn_stability_norm,MPNN_score,SaProt_score,ESM_score,Ensemble_score,cls_prediction,cls_score,tm_replica1,tm_replica2,tm_replica3,tm_mean,tm_std
1,1-10,4,K25I;Q91A;P208D;E219P,1,E219P_CAUTION,False,SKGEELFTGVVPILVELDGDVNGHIFSVRGEGEGDATNGKLTLKFICTTGKLPVPWPTLVTTLXVQCFSRYPDHMKRHDFFKSAMPEGYVAERTISFKDDGTYKTRAEVKFEGDTLVNRIELKGIDFKEDGNILGHKLEYNFNSHNVYITADKQKNGIKANFKIRHNVEDGSVQLADHYQQNTPIGDGPVLLPDNHYLSTQSVLSKDDNEKRDHMVLLPFVTAAGITHG,2.935213565826416,-0.0169761657714843,2.925903558731079,0.1781239620166442,0.4522190560603289,0.2119815085632584,0.0526315789445983,0.2408700065296836,-41.93269348144531,0.5283149480819702,0.914,0.636,0.8028,0.924,0.862,0.84198,Non-thermophilic,0.002724954114886408,45.109336853027344,49.47616958618164,46.69597625732422,47.09382756551107,2.2104346354069024
2,1-10,2,W56A;K110C,2,W56A_CORE,True,SKGEELFTGVVPILVELDGDVNGHKFSVRGEGEGDATNGKLTLKFICTTGKLPVPAPTLVTTLXVQCFSRYPDHMKRHDFFKSAMPEGYVQERTISFKDDGTYKTRAEVCFEGDTLVNRIELKGIDFKEDGNILGHKLEYNFNSHNVYITADKQKNGIKANFKIRHNVEDGSVQLADHYQQNTPIGDGPVLLPDNHYLSTQSVLSKDPNEKRDHMVLLEFVTAAGITHG,2.897010087966919,0.0154639244079589,2.88071084022522,0.0946019833209419,0.574984738235084,0.1086624145094544,0.1052631578891966,0.2185758757440054,-24.826902389526367,0.522416353225708,0.982,0.36,0.7332,0.964,0.936,0.8213199999999999,Non-thermophilic,0.00240276049133744,44.1671142578125,51.687217712402344,47.100982666015625,47.651771545410156,3.7901867083538296
3,1-10,2,T105L;E169H,0,,True,SKGEELFTGVVPILVELDGDVNGHKFSVRGEGEGDATNGKLTLKFICTTGKLPVPWPTLVTTLXVQCFSRYPDHMKRHDFFKSAMPEGYVQERTISFKDDGTYKLRAEVKFEGDTLVNRIELKGIDFKEDGNILGHKLEYNFNSHNVYITADKQKNGIKANFKIRHNVHDGSVQLADHYQQNTPIGDGPVLLPDNHYLSTQSVLSKDPNEKRDHMVLLEFVTAAGITHG,2.975836992263794,-0.0247059345245361,2.9140870571136475,0.2669365295511376,0.4229666609907605,0.1849667530370986,0.0,0.2628564541531217,-22.417747497558597,0.5299058556556702,0.772,0.698,0.7424,0.972,0.84,0.8144399999999999,Non-thermophilic,0.0033545546650897355,45.172698974609375,51.73583221435547,46.48257064819336,47.7970339457194,3.473404641137034
4,1-10,3,L63A;V65K;P189M,2,P189M_CORE,False,SKGEELFTGVVPILVELDGDVNGHKFSVRGEGEGDATNGKLTLKFICTTGKLPVPWPTLVTTAXKQCFSRYPDHMKRHDFFKSAMPEGYVQERTISFKDDGTYKTRAEVKFEGDTLVNRIELKGIDFKEDGNILGHKLEYNFNSHNVYITADKQKNGIKANFKIRHNVEDGSVQLADHYQQNTPIGDGMVLLPDNHYLSTQSVLSKDPNEKRDHMVLLEFVTAAGITHG,2.9400784969329834,0.0014856338500976,2.892536401748657,0.1887598699235933,0.5220855518739987,0.13569788269269,0.1052631578891966,0.2531292217615743,-19.466611862182617,0.5235904455184937,0.89,0.4559999999999999,0.7164,0.978,0.934,0.8144399999999999,Non-thermophilic,0.0013937736774885345,43.85980224609375,51.05640411376953,45.54961395263672,46.821940104166664,3.7632273366565157
5,1-10,8,V21C;H24E;T48I;V54S;R77L;D99G;Q154G;V216M,2,R77L_CORE,False,SKGEELFTGVVPILVELDGDCNGEKFSVRGEGEGDATNGKLTLKFICITGKLPSPWPTLVTTLXVQCFSRYPDHMKLHDFFKSAMPEGYVQERTISFKGDGTYKTRAEVKFEGDTLVNRIELKGIDFKEDGNILGHKLEYNFNSHNVYITADKGKNGIKANFKIRHNVEDGSVQLADHYQQNTPIGDGPVLLPDNHYLSTQSVLSKDPNEKRDHMMLLEFVTAAGITHG,2.9507603645324707,-0.0148076057434082,2.925779342651367,0.2121129981742691,0.460425714849224,0.2116975271333498,0.1052631578891966,0.2634230991063168,-69.30174255371094,0.5219328999519348,0.862,0.604,0.7588,0.87,0.94,0.8137800000000001,Non-thermophilic,0.004447695527136485,48.143951416015625,51.01033020019531,48.817420959472656,49.323900858561196,1.4988072757143964
6,11-20,12,A36I;L41A;D79C;E87R;Y103V;L122G;N143A;N161H;L198I;L218V;T227P;H228V,6,L198I_CORE;L218V_CORE;H228V_CORE,False,SKGEELFTGVVPILVELDGDVNGHKFSVRGEGEGDITNGKATLKFICTTGKLPVPWPTLVTTLXVQCFSRYPDHMKRHCFFKSAMPRGYVQERTISFKDDGTVKTRAEVKFEGDTLVNRIEGKGIDFKEDGNILGHKLEYNFASHNVYITADKQKNGIKAHFKIRHNVEDGSVQLADHYQQNTPIGDGPVLLPDNHYISTQSVLSKDPNEKRDHMVLVEFVTAAGIPVG,2.96228289604187,-0.0263702630996704,2.9509928226470947,0.2373040196511103,0.4166682064624567,0.2693403067055618,0.31578947366759,0.2964008691664851,-118.5468521118164,0.5185883641242981,0.8180000000000001,0.71,0.7747999999999999,0.77,0.972,0.80318,Non-thermophilic,0.004495553515407144,48.40580749511719,50.88478469848633,45.28184127807617,48.19081115722656,2.807652277626122
7,1-10,2,D100C;A151V,0,,True,SKGEELFTGVVPILVELDGDVNGHKFSVRGEGEGDATNGKLTLKFICTTGKLPVPWPTLVTTLXVQCFSRYPDHMKRHDFFKSAMPEGYVQERTISFKDCGTYKTRAEVKFEGDTLVNRIELKGIDFKEDGNILGHKLEYNFNSHNVYITVDKQKNGIKANFKIRHNVEDGSVQLADHYQQNTPIGDGPVLLPDNHYLSTQSVLSKDPNEKRDHMVLLEFVTAAGITHG,3.032871723175049,-0.0622308731079101,2.9754862785339355,0.3916281504973896,0.2809579717956571,0.3253369751101656,0.0,0.3115395556947727,-14.824348449707031,0.51611328125,0.542,0.89,0.6812,0.982,0.982,0.80152,Non-thermophilic,0.0040599524822707055,46.52180480957031,51.47708511352539,46.25091552734375,48.08326848347982,2.9422506248765967
8,1-10,5,V65K;D100R;K104A;K110H;K211H,0,,False,SKGEELFTGVVPILVELDGDVNGHKFSVRGEGEGDATNGKLTLKFICTTGKLPVPWPTLVTTLXKQCFSRYPDHMKRHDFFKSAMPEGYVQERTISFKDRGTYATRAEVHFEGDTLVNRIELKGIDFKEDGNILGHKLEYNFNSHNVYITADKQKNGIKANFKIRHNVEDGSVQLADHYQQNTPIGDGPVLLPDNHYLSTQSVLSKDPNEHRDHMVLLEFVTAAGITHG,2.9582607746124268,-0.0130258321762084,2.943427324295044,0.2285106961328436,0.4671686260510193,0.2520441479073677,0.0,0.270030799354008,-51.3873291015625,0.5273637175559998,0.832,0.5880000000000001,0.7344,0.912,0.882,0.80094,Non-thermophilic,0.0022612130856990917,43.87052917480469,51.195762634277344,46.998634338378906,47.35497538248698,3.6755945796199363
9,1-10,4,F45V;K104S;G186Y;D213N,2,F45V_CORE,False,SKGEELFTGVVPILVELDGDVNGHKFSVRGEGEGDATNGKLTLKVICTTGKLPVPWPTLVTTLXVQCFSRYPDHMKRHDFFKSAMPEGYVQERTISFKDDGTYSTRAEVKFEGDTLVNRIELKGIDFKEDGNILGHKLEYNFNSHNVYITADKQKNGIKANFKIRHNVEDGSVQLADHYQQNTPIYDGPVLLPDNHYLSTQSVLSKDPNEKRNHMVLLEFVTAAGITHG,2.9809131622314453,-0.0355320692062377,2.926279783248902,0.2780342563458866,0.3819964355023897,0.2128416289018299,0.1052631578891966,0.273709165800532,-42.405364990234375,0.5326185822486877,0.748,0.756,0.7512,0.922,0.78,0.7982199999999999,Non-thermophilic,0.0029490032295489683,46.905067443847656,51.538822174072266,47.32529830932617,48.58972930908203,2.562617809941123
10,1-10,3,G9A;N38A;H166T,0,,False,SKGEELFTAVVPILVELDGDVNGHKFSVRGEGEGDATAGKLTLKFICTTGKLPVPWPTLVTTLXVQCFSRYPDHMKRHDFFKSAMPEGYVQERTISFKDDGTYKTRAEVKFEGDTLVNRIELKGIDFKEDGNILGHKLEYNFNSHNVYITADKQKNGIKANFKIRTNVEDGSVQLADHYQQNTPIGDGPVLLPDNHYLSTQSVLSKDPNEKRDHMVLLEFVTAAGITHG,3.0195226669311523,-0.0742949247360229,2.9446260929107666,0.3624439072378904,0.2353029961243736,0.2547847594804585,0.0,0.2728824591842358,-31.881237030029297,0.5335877537727356,0.5860000000000001,0.93,0.7236,0.946,0.752,0.78346,Non-thermophilic,0.0023014051229151996,45.26044464111328,51.60002136230469,47.15098571777344,48.00381724039713,3.254696522788797
11,1-10,6,E16M;H24N;Y71H;P189L;P193G;A224R,2,P189L_CORE,False,SKGEELFTGVVPILVMLDGDVNGNKFSVRGEGEGDATNGKLTLKFICTTGKLPVPWPTLVTTLXVQCFSRHPDHMKRHDFFKSAMPEGYVQERTISFKDDGTYKTRAEVKFEGDTLVNRIELKGIDFKEDGNILGHKLEYNFNSHNVYITADKQKNGIKANFKIRHNVEDGSVQLADHYQQNTPIGDGLVLLGDNHYLSTQSVLSKDPNEKRDHMVLLEFVTARGITHG,2.87948226928711,0.0238011360168457,2.87000036239624,0.0562819616794238,0.6065359289049808,0.0841762383563194,0.1052631578891966,0.2043224284421694,-53.275169372558594,0.5308523774147034,0.994,0.288,0.7116,0.904,0.81,0.7744599999999999,Non-thermophilic,0.00150272117485165,42.727500915527344,51.6788330078125,45.420860290527344,46.60906473795573,4.592434965599403
12,1-10,1,L175D,0,,True,SKGEELFTGVVPILVELDGDVNGHKFSVRGEGEGDATNGKLTLKFICTTGKLPVPWPTLVTTLXVQCFSRYPDHMKRHDFFKSAMPEGYVQERTISFKDDGTYKTRAEVKFEGDTLVNRIELKGIDFKEDGNILGHKLEYNFNSHNVYITADKQKNGIKANFKIRHNVEDGSVQDADHYQQNTPIGDGPVLLPDNHYLSTQSVLSKDPNEKRDHMVLLEFVTAAGITHG,2.999495029449463,-0.0424484014511108,2.9721810817718506,0.3186586812638871,0.3558223946322091,0.3177806707669358,0.0,0.2959081393801886,-11.255830764770508,0.5396067500114441,0.6839999999999999,0.796,0.7287999999999999,0.988,0.596,0.77368,Non-thermophilic,0.005303081957218286,45.22383117675781,50.30644226074219,45.06749725341797,46.86592356363932,2.980601743395535
13,1-10,3,T37N;L41S;L198V,2,L198V_CORE,False,SKGEELFTGVVPILVELDGDVNGHKFSVRGEGEGDANNGKSTLKFICTTGKLPVPWPTLVTTLXVQCFSRYPDHMKRHDFFKSAMPEGYVQERTISFKDDGTYKTRAEVKFEGDTLVNRIELKGIDFKEDGNILGHKLEYNFNSHNVYITADKQKNGIKANFKIRHNVEDGSVQLADHYQQNTPIGDGPVLLPDNHYVSTQSVLSKDPNEKRDHMVLLEFVTAAGITHG,3.011751413345337,-0.0211557865142822,2.98363995552063,0.3454540803215951,0.4364017759947364,0.3439778214085219,0.1052631578891966,0.3438766602140259,-29.29527282714844,0.5155609846115112,0.618,0.6739999999999999,0.6404,0.958,0.984,0.7713399999999999,Non-thermophilic,0.0014524976138622714,43.929176330566406,51.28413009643555,46.851802825927734,47.35503641764323,3.7032106691884707
14,1-10,8,P86K;K123S;H136E;S144Q;Y148L;N182S;K206Y;H228A,4,Y148L_CORE;H228A_CORE,False,SKGEELFTGVVPILVELDGDVNGHKFSVRGEGEGDATNGKLTLKFICTTGKLPVPWPTLVTTLXVQCFSRYPDHMKRHDFFKSAMKEGYVQERTISFKDDGTYKTRAEVKFEGDTLVNRIELSGIDFKEDGNILGEKLEYNFNQHNVLITADKQKNGIKANFKIRHNVEDGSVQLADHYQQSTPIGDGPVLLPDNHYLSTQSVLSYDPNEKRDHMVLLEFVTAAGITAG,3.002893209457397,-0.0317947626113891,2.9292361736297607,0.326087918970221,0.3961398300205573,0.2196004959476388,0.2105263157783933,0.3107472518091059,-84.67503356933594,0.5207139253616333,0.6679999999999999,0.74,0.6967999999999999,0.838,0.952,0.7703799999999998,Non-thermophilic,0.001615511286042046,45.59538269042969,51.965065002441406,47.56344223022461,48.374629974365234,3.261400367353218
15,11-20,11,I13R;C47P;D73Q;D130S;N141C;N143D;N146L;F162Q;D170R;G188R;K206G,0,,False,SKGEELFTGVVPRLVELDGDVNGHKFSVRGEGEGDATNGKLTLKFIPTTGKLPVPWPTLVTTLXVQCFSRYPQHMKRHDFFKSAMPEGYVQERTISFKDDGTYKTRAEVKFEGDTLVNRIELKGIDFKESGNILGHKLEYCFDSHLVYITADKQKNGIKANQKIRHNVERGSVQLADHYQQNTPIGDRPVLLPDNHYLSTQSVLSGDPNEKRDHMVLLEFVTAAGITHG,2.9418983459472656,-0.0160845041275024,2.883721113204956,0.1927384969784202,0.4555934440286421,0.1155444673578724,0.0,0.223739578119024,-112.71208190917967,0.5348378419876099,0.882,0.63,0.7812,0.78,0.71,0.77022,Non-thermophilic,0.002314102109842598,40.13450241088867,45.98009490966797,45.22169876098633,43.77876536051432,3.178723094906896
16,1-10,10,G3D;T8W;E33D;T48A;F80L;R93P;R106T;K128Q;N209K;H228V,2,H228V_CORE,False,SKDEELFWGVVPILVELDGDVNGHKFSVRGEGDGDATNGKLTLKFICATGKLPVPWPTLVTTLXVQCFSRYPDHMKRHDLFKSAMPEGYVQEPTISFKDDGTYKTTAEVKFEGDTLVNRIELKGIDFQEDGNILGHKLEYNFNSHNVYITADKQKNGIKANFKIRHNVEDGSVQLADHYQQNTPIGDGPVLLPDNHYLSTQSVLSKDPKEKRDHMVLLEFVTAAGITVG,2.9641075134277344,-0.0347345829010009,2.90254807472229,0.2412930715115308,0.3850144280463642,0.158586458901368,0.1052631578891966,0.2470790967609732,-95.10945129394533,0.5386446714401245,0.804,0.752,0.7832,0.816,0.62,0.7669199999999999,Non-thermophilic,0.0017828954607982945,45.05857467651367,51.45991134643555,46.15144729614258,47.556644439697266,3.4242096970851987
17,1-10,8,G32T;M85R;V90H;R119F;H145G;N146S;L198V;L204V,3,H145G_CAUTION;L198V_CORE,False,SKGEELFTGVVPILVELDGDVNGHKFSVRGETEGDATNGKLTLKFICTTGKLPVPWPTLVTTLXVQCFSRYPDHMKRHDFFKSARPEGYHQERTISFKDDGTYKTRAEVKFEGDTLVNFIELKGIDFKEDGNILGHKLEYNFNSGSVYITADKQKNGIKANFKIRHNVEDGSVQLADHYQQNTPIGDGPVLLPDNHYVSTQSVVSKDPNEKRDHMVLLEFVTAAGITHG,3.022475481033325,-0.0800647020339965,2.952625274658203,0.368899468101775,0.2134679567621525,0.2730724004686791,0.157894736833795,0.2897757036134522,-81.25724792480469,0.5317324995994568,0.5720000000000001,0.944,0.7208,0.842,0.8,0.76298,Non-thermophilic,0.0034754583367333403,44.609886169433594,51.24294662475586,45.243934631347656,47.03225580851237,3.660319962177056
18,1-10,9,F7N;K44H;T49A;P72A;S83G;G124A;S144P;D170A;A176V,0,,False,SKGEELNTGVVPILVELDGDVNGHKFSVRGEGEGDATNGKLTLHFICTAGKLPVPWPTLVTTLXVQCFSRYADHMKRHDFFKGAMPEGYVQERTISFKDDGTYKTRAEVKFEGDTLVNRIELKAIDFKEDGNILGHKLEYNFNPHNVYITADKQKNGIKANFKIRHNVEAGSVQLVDHYQQNTPIGDGPVLLPDNHYLSTQSVLSKDPNEKRDHMVLLEFVTAAGITHG,2.9362642765045166,0.0114455461502075,2.9019711017608643,0.1804210679292109,0.5597776612719728,0.1572673896875892,0.0,0.252587373823656,-85.19279479980469,0.5301106572151184,0.908,0.394,0.7023999999999999,0.834,0.836,0.7553399999999999,Non-thermophilic,0.004027450055643507,43.14623260498047,51.92075729370117,47.81266403198242,47.62655131022135,4.390222014561823
19,1-10,9,G9M;G19N;S69Y;R77L;E108S;G131D;A151N;R165P;E169G,2,R77L_CORE,False,SKGEELFTMVVPILVELDNDVNGHKFSVRGEGEGDATNGKLTLKFICTTGKLPVPWPTLVTTLXVQCFYRYPDHMKLHDFFKSAMPEGYVQERTISFKDDGTYKTRASVKFEGDTLVNRIELKGIDFKEDDNILGHKLEYNFNSHNVYITNDKQKNGIKANFKIPHNVGDGSVQLADHYQQNTPIGDGPVLLPDNHYLSTQSVLSKDPNEKRDHMVLLEFVTAAGITHG,2.924105405807495,-0.0252553224563598,2.877004623413086,0.1538388561458936,0.4208875673798661,0.100189302555656,0.1052631578891966,0.2050135534106695,-94.5855941772461,0.5515734553337097,0.942,0.704,0.8468,0.818,0.284,0.75518,Non-thermophilic,0.0029872764679988026,46.97486114501953,50.09543228149414,46.97737503051758,48.015889485677086,1.8009373280686483
20,1-10,2,T37S;D79I,0,,True,SKGEELFTGVVPILVELDGDVNGHKFSVRGEGEGDASNGKLTLKFICTTGKLPVPWPTLVTTLXVQCFSRYPDHMKRHIFFKSAMPEGYVQERTISFKDDGTYKTRAEVKFEGDTLVNRIELKGIDFKEDGNILGHKLEYNFNSHNVYITADKQKNGIKANFKIRHNVEDGSVQLADHYQQNTPIGDGPVLLPDNHYLSTQSVLSKDPNEKRDHMVLLEFVTAAGITHG,2.971257209777832,-0.0097229719161987,2.970233917236328,0.2569240250186904,0.479667909829365,0.3133290847053938,0.0,0.2981986056568307,-17.779706954956055,0.5383051633834839,0.784,0.556,0.6928000000000001,0.98,0.628,0.75488,Non-thermophilic,0.002359004099675628,46.00059509277344,51.956363677978516,48.211204528808594,48.722721099853516,3.010653045764173
21,21-30,24,V15D;D18A;H24L;S27Q;G32V;L41I;L59I;K82A;S83T;A84R;S96I;D114P;N132S;H136N;E139C;I149A;N156C;N161H;S172A;Q174H;Q180Y;P184L;I185A;Q201Y,3,A84R_CAUTION;I185A_CORE,False,SKGEELFTGVVPILDELAGDVNGLKFQVRGEVEGDATNGKITLKFICTTGKLPVPWPTIVTTLXVQCFSRYPDHMKRHDFFATRMPEGYVQERTIIFKDDGTYKTRAEVKFEGPTLVNRIELKGIDFKEDGSILGNKLCYNFNSHNVYATADKQKCGIKAHFKIRHNVEDGAVHLADHYYQNTLAGDGPVLLPDNHYLSTYSVLSKDPNEKRDHMVLLEFVTAAGITHG,2.932399272918701,-0.0152139425277709,2.8584413528442383,0.1719712417552559,0.4588879813765654,0.0577501583470527,0.157894736833795,0.2194485594867965,-241.79054260253903,0.5205166935920715,0.924,0.612,0.7992,0.522,0.956,0.75342,Non-thermophilic,0.004096424196495514,40.46137237548828,48.9471549987793,47.505733489990234,45.6380869547526,4.540727295034991
22,1-10,8,V60I;H78G;I95T;L134V;E169H;D177C;S199N;T222D,0,,False,SKGEELFTGVVPILVELDGDVNGHKFSVRGEGEGDATNGKLTLKFICTTGKLPVPWPTLITTLXVQCFSRYPDHMKRGDFFKSAMPEGYVQERTTSFKDDGTYKTRAEVKFEGDTLVNRIELKGIDFKEDGNIVGHKLEYNFNSHNVYITADKQKNGIKANFKIRHNVHDGSVQLACHYQQNTPIGDGPVLLPDNHYLNTQSVLSKDPNEKRDHMVLLEFVDAAGITHG,2.9601426124572754,0.0091990947723388,2.946560859680176,0.2326248456603883,0.5512762318878084,0.259208001906002,0.0,0.2943418389003272,-75.91482543945312,0.5218572020530701,0.8220000000000001,0.41,0.6572,0.854,0.942,0.74912,Non-thermophilic,0.0024787748455048003,42.47379684448242,51.537864685058594,44.722801208496094,46.24482091267904,4.719824089898123
23,11-20,14,T37E;L43G;T62V;Y71A;F80L;M85H;G157T;S172M;Q180L;L191A;Q201A;S205Q;N209G;D213R,0,,False,SKGEELFTGVVPILVELDGDVNGHKFSVRGEGEGDAENGKLTGKFICTTGKLPVPWPTLVTVLXVQCFSRAPDHMKRHDLFKSAHPEGYVQERTISFKDDGTYKTRAEVKFEGDTLVNRIELKGIDFKEDGNILGHKLEYNFNSHNVYITADKQKNTIKANFKIRHNVEDGMVQLADHYLQNTPIGDGPVALPDNHYLSTASVLQKDPGEKRRHMVLLEFVTAAGITHG,2.954895496368408,-0.0001537322998046,2.916551113128662,0.221153389585106,0.5158815646898172,0.1906000506918111,0.0,0.2666094266241142,-142.6173095703125,0.5063062310218811,0.85,0.478,0.7012,0.706,0.992,0.7460200000000001,Non-thermophilic,0.004393767178502811,46.79438781738281,51.04216766357422,47.249542236328125,48.36203257242838,2.3321952033148565
24,11-20,14,L14I;K44C;K76R;A107G;V109L;D114R;G124V;H136R;A160V;I164S;L191M;N195R;T200K;L204R,5,V109L_CORE;A160V_CORE;T200K_CAUTION,False,SKGEELFTGVVPIIVELDGDVNGHKFSVRGEGEGDATNGKLTLCFICTTGKLPVPWPTLVTTLXVQCFSRYPDHMRRHDFFKSAMPEGYVQERTISFKDDGTYKTRGELKFEGRTLVNRIELKVIDFKEDGNILGRKLEYNFNSHNVYITADKQKNGIKVNFKSRHNVEDGSVQLADHYQQNTPIGDGPVMLPDRHYLSKQSVRSKDPNEKRDHMVLLEFVTAAGITHG,2.9937784671783447,-0.0545991897583007,2.947056293487549,0.3061609030779072,0.3098391742637753,0.260340657206098,0.2631578947229916,0.2936161208645209,-109.87928009033205,0.5403687953948975,0.706,0.852,0.7644,0.79,0.5760000000000001,0.74254,Non-thermophilic,0.002841970411660154,39.25105667114258,50.195953369140625,42.60990905761719,44.01897303263346,5.606851781234157
25,1-10,1,P189L,2,P189L_CORE,True,SKGEELFTGVVPILVELDGDVNGHKFSVRGEGEGDATNGKLTLKFICTTGKLPVPWPTLVTTLXVQCFSRYPDHMKRHDFFKSAMPEGYVQERTISFKDDGTYKTRAEVKFEGDTLVNRIELKGIDFKEDGNILGHKLEYNFNSHNVYITADKQKNGIKANFKIRHNVEDGSVQLADHYQQNTPIGDGLVLLPDNHYLSTQSVLSKDPNEKRDHMVLLEFVTAAGITHG,2.907315969467163,0.0857443571090698,3.0343387126922607,0.1171331156505564,0.8409527184830625,0.459884760265222,0.1052631578891966,0.3654513495054801,-5.940101146697998,0.5266864895820618,0.972,0.038,0.5983999999999999,1.0,0.89,0.74254,Non-thermophilic,0.001828633065126025,44.096923828125,51.501953125,46.619911193847656,47.406262715657554,3.7646216621041506
26,1-10,7,S27A;V28T;N38A;L43E;K110S;N141S;F162S,0,,False,SKGEELFTGVVPILVELDGDVNGHKFATRGEGEGDATAGKLTEKFICTTGKLPVPWPTLVTTLXVQCFSRYPDHMKRHDFFKSAMPEGYVQERTISFKDDGTYKTRAEVSFEGDTLVNRIELKGIDFKEDGNILGHKLEYSFNSHNVYITADKQKNGIKANSKIRHNVEDGSVQLADHYQQNTPIGDGPVLLPDNHYLSTQSVLSKDPNEKRDHMVLLEFVTAAGITHG,3.0028085708618164,-0.0605016946792602,2.918111801147461,0.3259028786709333,0.2875018429199611,0.1941680784080906,0.0,0.2573653718135284,-67.31438446044922,0.5438463687896729,0.6699999999999999,0.88,0.754,0.874,0.472,0.7416999999999999,Non-thermophilic,0.0008221673391799146,42.36488723754883,47.609310150146484,42.820377349853516,44.26485824584961,2.9053204153273833
27,1-10,1,V60S,0,,True,SKGEELFTGVVPILVELDGDVNGHKFSVRGEGEGDATNGKLTLKFICTTGKLPVPWPTLSTTLXVQCFSRYPDHMKRHDFFKSAMPEGYVQERTISFKDDGTYKTRAEVKFEGDTLVNRIELKGIDFKEDGNILGHKLEYNFNSHNVYITADKQKNGIKANFKIRHNVEDGSVQLADHYQQNTPIGDGPVLLPDNHYLSTQSVLSKDPNEKRDHMVLLEFVTAAGITHG,2.893000602722168,0.0895429372787475,2.9783623218536377,0.0858362855374985,0.8553279955937744,0.3319121535919069,0.0,0.3188407581086993,-10.806415557861328,0.5274588465690613,0.984,0.032,0.6032,0.99,0.88,0.74142,Non-thermophilic,0.0020567343099419048,44.861732482910156,51.6634407043457,46.398963928222656,47.641379038492836,3.567002265496439
28,1-10,9,V10T;V54T;T62P;E108S;D126L;I133V;K137M;S144Y;E169G,0,,False,SKGEELFTGTVPILVELDGDVNGHKFSVRGEGEGDATNGKLTLKFICTTGKLPTPWPTLVTPLXVQCFSRYPDHMKRHDFFKSAMPEGYVQERTISFKDDGTYKTRASVKFEGDTLVNRIELKGILFKEDGNVLGHMLEYNFNYHNVYITADKQKNGIKANFKIRHNVGDGSVQLADHYQQNTPIGDGPVLLPDNHYLSTQSVLSKDPNEKRDHMVLLEFVTAAGITHG,3.0242788791656494,-0.0464446067810058,2.957807302474976,0.3728421295773036,0.3406992284905245,0.2849194952461514,0.0,0.309937664481648,-81.7144546508789,0.5291935801506042,0.5680000000000001,0.8140000000000001,0.6664000000000001,0.84,0.852,0.7376400000000001,Non-thermophilic,0.00408622778642148,44.28126525878906,51.470001220703125,44.00920867919922,46.58682505289713,4.23114178561719
29,1-10,1,R106P,0,,True,SKGEELFTGVVPILVELDGDVNGHKFSVRGEGEGDATNGKLTLKFICTTGKLPVPWPTLVTTLXVQCFSRYPDHMKRHDFFKSAMPEGYVQERTISFKDDGTYKTPAEVKFEGDTLVNRIELKGIDFKEDGNILGHKLEYNFNSHNVYITADKQKNGIKANFKIRHNVEDGSVQLADHYQQNTPIGDGPVLLPDNHYLSTQSVLSKDPNEKRDHMVLLEFVTAAGITHG,2.85373854637146,0.0803163051605224,2.928192615509033,0.0,0.8204108982643968,0.2172147248944528,0.0,0.2485456695449898,-13.263784408569336,0.531659722328186,0.998,0.042,0.6156,0.986,0.802,0.73616,Non-thermophilic,0.002770819317368047,44.47248840332031,51.21921157836914,46.36845397949219,47.35338465372721,3.479530819661184
30,1-10,1,G50L,0,,True,SKGEELFTGVVPILVELDGDVNGHKFSVRGEGEGDATNGKLTLKFICTTLKLPVPWPTLVTTLXVQCFSRYPDHMKRHDFFKSAMPEGYVQERTISFKDDGTYKTRAEVKFEGDTLVNRIELKGIDFKEDGNILGHKLEYNFNSHNVYITADKQKNGIKANFKIRHNVEDGSVQLADHYQQNTPIGDGPVLLPDNHYLSTQSVLSKDPNEKRDHMVLLEFVTAAGITHG,3.0721254348754883,-0.0644841194152832,2.9936745166778564,0.4774461926250992,0.2724308278049265,0.3669187243298127,0.0,0.3563422384984889,-13.735925674438477,0.5266666412353516,0.39,0.896,0.5924,0.984,0.894,0.73554,Non-thermophilic,0.002000606651861938,44.689048767089844,51.60749053955078,47.891075134277344,48.062538146972656,3.4624065060698785
31,1-10,4,N22R;T62M;F97M;R165D,0,,False,SKGEELFTGVVPILVELDGDVRGHKFSVRGEGEGDATNGKLTLKFICTTGKLPVPWPTLVTMLXVQCFSRYPDHMKRHDFFKSAMPEGYVQERTISMKDDGTYKTRAEVKFEGDTLVNRIELKGIDFKEDGNILGHKLEYNFNSHNVYITADKQKNGIKANFKIDHNVEDGSVQLADHYQQNTPIGDGPVLLPDNHYLSTQSVLSKDPNEKRDHMVLLEFVTAAGITHG,3.0086584091186523,-0.0217894792556762,3.019122362136841,0.3386920301732564,0.4340036408090417,0.425097307636382,0.0,0.3459317853075022,-45.11263275146485,0.5336949229240417,0.64,0.6779999999999999,0.6552,0.918,0.746,0.73452,Non-thermophilic,0.0016579917118663841,44.93854522705078,51.623504638671875,49.194644927978516,48.585564931233726,3.3838446204844184
32,1-10,4,T61A;E121V;I164S;E219I,1,E219I_CAUTION,False,SKGEELFTGVVPILVELDGDVNGHKFSVRGEGEGDATNGKLTLKFICTTGKLPVPWPTLVATLXVQCFSRYPDHMKRHDFFKSAMPEGYVQERTISFKDDGTYKTRAEVKFEGDTLVNRIVLKGIDFKEDGNILGHKLEYNFNSHNVYITADKQKNGIKANFKSRHNVEDGSVQLADHYQQNTPIGDGPVLLPDNHYLSTQSVLSKDPNEKRDHMVLLIFVTAAGITHG,3.009405851364136,-0.0637990236282348,2.8841116428375244,0.3403261184500653,0.2750234917336272,0.1164372918918268,0.0526315789445983,0.2504532425087614,-34.40721130371094,0.5485387444496155,0.634,0.894,0.738,0.94,0.358,0.7314999999999999,Non-thermophilic,0.005551148708818702,48.9207878112793,50.86004638671875,47.38969802856445,49.056844075520836,1.7391701791416438
33,11-20,15,V11A;D20E;N38R;T42M;L52S;L59I;S69P;G101S;K123V;L134A;Y148F;D152V;L175V;L192T;P208S,2,Y148F_CORE,False,SKGEELFTGVAPILVELDGEVNGHKFSVRGEGEGDATRGKLMLKFICTTGKSPVPWPTIVTTLXVQCFPRYPDHMKRHDFFKSAMPEGYVQERTISFKDDSTYKTRAEVKFEGDTLVNRIELVGIDFKEDGNIAGHKLEYNFNSHNVFITAVKQKNGIKANFKIRHNVEDGSVQVADHYQQNTPIGDGPVLTPDNHYLSTQSVLSKDSNEKRDHMVLLEFVTAAGITHG,3.04825210571289,-0.1198681354522705,2.904031276702881,0.4252533609397952,0.0628365735119198,0.1619773388926565,0.1052631578891966,0.2499949393683387,-137.17054748535156,0.5262964367866516,0.49,0.992,0.6908000000000001,0.724,0.902,0.73078,Non-thermophilic,0.0022546709710997387,44.619659423828125,51.45845413208008,49.0666618347168,48.381591796875,3.4704854102798284
34,1-10,8,F45V;I46R;D100R;N132M;E139N;Y140A;N182F;T222I,2,F45V_CORE,False,SKGEELFTGVVPILVELDGDVNGHKFSVRGEGEGDATNGKLTLKVRCTTGKLPVPWPTLVTTLXVQCFSRYPDHMKRHDFFKSAMPEGYVQERTISFKDRGTYKTRAEVKFEGDTLVNRIELKGIDFKEDGMILGHKLNANFNSHNVYITADKQKNGIKANFKIRHNVEDGSVQLADHYQQFTPIGDGPVLLPDNHYLSTQSVLSKDPNEKRDHMVLLEFVIAAGITHG,3.059182643890381,-0.0831270456314086,2.9697020053863525,0.4491501428021813,0.2018788798295605,0.3121130337070713,0.1052631578891966,0.3255362067487056,-88.3505859375,0.5263784527778625,0.4379999999999999,0.956,0.6452,0.83,0.9,0.7296199999999999,Non-thermophilic,0.0026120897393170374,46.958194732666016,51.46348571777344,45.93790054321289,48.119860331217446,2.9402590196229683
35,11-20,11,E5V;V10K;G19E;P53A;M85T;T102F;N141G;N143A;N156R;A176E;G225V,2,P53A_CORE,False,SKGEVLFTGKVPILVELDEDVNGHKFSVRGEGEGDATNGKLTLKFICTTGKLAVPWPTLVTTLXVQCFSRYPDHMKRHDFFKSATPEGYVQERTISFKDDGFYKTRAEVKFEGDTLVNRIELKGIDFKEDGNILGHKLEYGFASHNVYITADKQKRGIKANFKIRHNVEDGSVQLEDHYQQNTPIGDGPVLLPDNHYLSTQSVLSKDPNEKRDHMVLLEFVTAAVITHG,2.9538557529449463,-0.0074480295181274,2.9213669300079346,0.2188802607254047,0.488277160107728,0.20160991806748,0.1052631578891966,0.2714137067557797,-104.28175354003906,0.5384913086891174,0.852,0.538,0.7264,0.798,0.624,0.72894,Non-thermophilic,0.007793969335613469,46.364891052246094,50.582061767578125,45.70436477661133,47.55043919881185,2.646152922601179
36,1-10,4,L6C;N22A;K44T;S199P,0,,False,SKGEECFTGVVPILVELDGDVAGHKFSVRGEGEGDATNGKLTLTFICTTGKLPVPWPTLVTTLXVQCFSRYPDHMKRHDFFKSAMPEGYVQERTISFKDDGTYKTRAEVKFEGDTLVNRIELKGIDFKEDGNILGHKLEYNFNSHNVYITADKQKNGIKANFKIRHNVEDGSVQLADHYQQNTPIGDGPVLLPDNHYLPTQSVLSKDPNEKRDHMVLLEFVTAAGITHG,2.9362387657165527,0.0294010639190673,2.9628400802612305,0.1803652952192848,0.6277281933297366,0.2964253762517949,0.0,0.2973815064314713,-41.06866455078125,0.5351275205612183,0.91,0.254,0.6476000000000001,0.928,0.708,0.72676,Non-thermophilic,0.004223720558242995,45.81100845336914,51.68626403808594,49.9000244140625,49.132432301839195,3.0119022700773437
37,11-20,12,N22D;K40W;T42Q;D99H;D114L;V117S;D130S;D152M;V173K;P189L;L198I;P208S,4,P189L_CORE;L198I_CORE,False,SKGEELFTGVVPILVELDGDVDGHKFSVRGEGEGDATNGWLQLKFICTTGKLPVPWPTLVTTLXVQCFSRYPDHMKRHDFFKSAMPEGYVQERTISFKHDGTYKTRAEVKFEGLTLSNRIELKGIDFKESGNILGHKLEYNFNSHNVYITAMKQKNGIKANFKIRHNVEDGSKQLADHYQQNTPIGDGLVLLPDNHYISTQSVLSKDSNEKRDHMVLLEFVTAAGITHG,2.902590036392212,0.0415868282318115,2.911775827407837,0.1068010908266629,0.6738437762519691,0.1796828452030606,0.2105263157783933,0.273510635553442,-116.46221923828124,0.5246900320053101,0.976,0.17,0.6536000000000001,0.774,0.924,0.7242600000000001,Non-thermophilic,0.0010783651760088561,42.218814849853516,50.75550842285156,49.823097229003906,47.59914016723633,4.682763398812281
38,1-10,5,E16V;F45M;G50V;N156R;Q181P,2,F45M_CORE,False,SKGEELFTGVVPILVVLDGDVNGHKFSVRGEGEGDATNGKLTLKMICTTVKLPVPWPTLVTTLXVQCFSRYPDHMKRHDFFKSAMPEGYVQERTISFKDDGTYKTRAEVKFEGDTLVNRIELKGIDFKEDGNILGHKLEYNFNSHNVYITADKQKRGIKANFKIRHNVEDGSVQLADHYQPNTPIGDGPVLLPDNHYLSTQSVLSKDPNEKRDHMVLLEFVTAAGITHG,2.957566738128662,0.0076026678085327,3.0051441192626958,0.2269933656786839,0.5452347429717872,0.393140403117936,0.1052631578891966,0.3276100967108614,-52.65488052368164,0.5382834076881409,0.838,0.42,0.6708,0.906,0.63,0.72348,Non-thermophilic,0.0019790781177037226,44.427635192871094,51.569488525390625,50.061378479003906,48.68616739908854,3.764295603635104
39,1-10,5,D20E;D35T;P193N;Y197R;K206G,0,,False,SKGEELFTGVVPILVELDGEVNGHKFSVRGEGEGTATNGKLTLKFICTTGKLPVPWPTLVTTLXVQCFSRYPDHMKRHDFFKSAMPEGYVQERTISFKDDGTYKTRAEVKFEGDTLVNRIELKGIDFKEDGNILGHKLEYNFNSHNVYITADKQKNGIKANFKIRHNVEDGSVQLADHYQQNTPIGDGPVLLNDNHRLSTQSVLSGDPNEKRDHMVLLEFVTAAGITHG,3.024999618530273,-0.042881178855896,2.9656805992126465,0.374417838942788,0.3541845997606666,0.302919339315002,0.0,0.3176180453274216,-54.0189208984375,0.5362417101860046,0.5660000000000001,0.8,0.6596000000000001,0.9,0.6819999999999999,0.72306,Non-thermophilic,0.0023818417414563976,45.4123649597168,51.405189514160156,47.750057220458984,48.18920389811198,3.02045094124289
40,1-10,7,T8A;T37N;K40S;T42S;P57A;D99G;T183R,0,,False,SKGEELFAGVVPILVELDGDVNGHKFSVRGEGEGDANNGSLSLKFICTTGKLPVPWATLVTTLXVQCFSRYPDHMKRHDFFKSAMPEGYVQERTISFKGDGTYKTRAEVKFEGDTLVNRIELKGIDFKEDGNILGHKLEYNFNSHNVYITADKQKNGIKANFKIRHNVEDGSVQLADHYQQNRPIGDGPVLLPDNHYLSTQSVLSKDPNEKRDHMVLLEFVTAAGITHG,2.95852279663086,0.0082056283950805,2.982734441757202,0.2290835392002162,0.5475165759544509,0.3419076458407814,0.0,0.3083482657968663,-56.398834228515625,0.537996768951416,0.8280000000000001,0.414,0.6624000000000001,0.896,0.636,0.7168400000000001,Non-thermophilic,0.0014226448177287708,44.05404281616211,51.42151641845703,47.04129409790039,47.50561777750651,3.705619270744143
41,1-10,1,T61I,0,,True,SKGEELFTGVVPILVELDGDVNGHKFSVRGEGEGDATNGKLTLKFICTTGKLPVPWPTLVITLXVQCFSRYPDHMKRHDFFKSAMPEGYVQERTISFKDDGTYKTRAEVKFEGDTLVNRIELKGIDFKEDGNILGHKLEYNFNSHNVYITADKQKNGIKANFKIRHNVEDGSVQLADHYQQNTPIGDGPVLLPDNHYLSTQSVLSKDPNEKRDHMVLLEFVTAAGITHG,2.940891027450561,0.0441922664642333,2.995831251144409,0.1905362567967559,0.6837037489030361,0.3718494268537149,0.0,0.3310371381550422,-10.680523872375488,0.5342432260513306,0.888,0.164,0.5983999999999999,0.992,0.732,0.71684,Non-thermophilic,0.00601559030478675,44.567481994628906,51.681739807128906,48.165557861328125,48.13825988769531,3.557207463756179
42,1-10,9,V21K;E31A;C47S;S83V;F97R;K98V;D126L;V173G;L175V,2,K98V_CORE,False,SKGEELFTGVVPILVELDGDKNGHKFSVRGAGEGDATNGKLTLKFISTTGKLPVPWPTLVTTLXVQCFSRYPDHMKRHDFFKVAMPEGYVQERTISRVDDGTYKTRAEVKFEGDTLVNRIELKGILFKEDGNILGHKLEYNFNSHNVYITADKQKNGIKANFKIRHNVEDGSGQVADHYQQNTPIGDGPVLLPDNHYLSTQSVLSKDPNEKRDHMVLLEFVTAAGITHG,2.9675753116607666,-0.0063455343246459,2.928760290145874,0.2488745113795325,0.492449422693111,0.2185125363812328,0.1052631578891966,0.2893347088592336,-95.89230346679688,0.5372652411460876,0.794,0.528,0.6876,0.812,0.6579999999999999,0.71426,Non-thermophilic,0.002547871357209708,40.52647018432617,49.220359802246094,48.52128982543945,46.08937327067057,4.8302787465283155
43,1-10,9,Y71S;V90K;G101R;T105C;I158N;A160I;L218A;F220M;G229T,4,A160I_CORE;L218A_CORE,False,SKGEELFTGVVPILVELDGDVNGHKFSVRGEGEGDATNGKLTLKFICTTGKLPVPWPTLVTTLXVQCFSRSPDHMKRHDFFKSAMPEGYKQERTISFKDDRTYKCRAEVKFEGDTLVNRIELKGIDFKEDGNILGHKLEYNFNSHNVYITADKQKNGNKINFKIRHNVEDGSVQLADHYQQNTPIGDGPVLLPDNHYLSTQSVLSKDPNEKRDHMVLAEMVTAAGITHT,2.9774110317230225,0.0057362079620361,2.947717428207397,0.2703777578776104,0.5381713465681564,0.2618521361027132,0.2105263157783933,0.3296358864853457,-89.870849609375,0.5302085876464844,0.764,0.434,0.632,0.828,0.83,0.7106999999999999,Non-thermophilic,0.002862829453849135,45.91559600830078,51.270408630371094,47.97509765625,48.38703409830729,2.7010689140767954
44,1-10,3,Y71T;E169A;A223T,0,,False,SKGEELFTGVVPILVELDGDVNGHKFSVRGEGEGDATNGKLTLKFICTTGKLPVPWPTLVTTLXVQCFSRTPDHMKRHDFFKSAMPEGYVQERTISFKDDGTYKTRAEVKFEGDTLVNRIELKGIDFKEDGNILGHKLEYNFNSHNVYITADKQKNGIKANFKIRHNVADGSVQLADHYQQNTPIGDGPVLLPDNHYLSTQSVLSKDPNEKRDHMVLLEFVTTAGITHG,2.9385921955108643,0.0698449373245239,3.0171003341674805,0.1855104580200441,0.7807832459188507,0.4204745696190025,0.0,0.3627704315125331,-28.81279754638672,0.5277519822120667,0.896,0.0719999999999999,0.5663999999999999,0.96,0.872,0.7106399999999999,Non-thermophilic,0.0021852519232379063,44.83570098876953,51.65142822265625,45.855525970458984,47.44755172729492,3.676199659908049
45,1-10,8,T42M;T58S;L59I;P72A;F162L;A176G;D177L;Y197Q,0,,False,SKGEELFTGVVPILVELDGDVNGHKFSVRGEGEGDATNGKLMLKFICTTGKLPVPWPSIVTTLXVQCFSRYADHMKRHDFFKSAMPEGYVQERTISFKDDGTYKTRAEVKFEGDTLVNRIELKGIDFKEDGNILGHKLEYNFNSHNVYITADKQKNGIKANLKIRHNVEDGSVQLGLHYQQNTPIGDGPVLLPDNHQLSTQSVLSKDPNEKRDHMVLLEFVTAAGITHG,2.9286680221557617,0.0751070976257324,3.004509925842285,0.1638138313782036,0.8006972688305423,0.3916905171226253,0.0,0.3522286447523522,-70.32588958740234,0.5193625688552856,0.936,0.054,0.5832,0.864,0.964,0.7105199999999999,Non-thermophilic,0.002257788201830087,43.66880798339844,51.7262077331543,46.936519622802734,47.44384511311849,4.052586463813516
46,1-10,3,K123S;Q154V;A224R,0,,False,SKGEELFTGVVPILVELDGDVNGHKFSVRGEGEGDATNGKLTLKFICTTGKLPVPWPTLVTTLXVQCFSRYPDHMKRHDFFKSAMPEGYVQERTISFKDDGTYKTRAEVKFEGDTLVNRIELSGIDFKEDGNILGHKLEYNFNSHNVYITADKVKNGIKANFKIRHNVEDGSVQLADHYQQNTPIGDGPVLLPDNHYLSTQSVLSKDPNEKRDHMVLLEFVTARGITHG,3.0820975303649902,-0.0549164772033691,3.0060861110687256,0.4992475885631562,0.3086384374771684,0.395293974383903,0.0,0.380879819099493,-30.885040283203125,0.5219498872756958,0.35,0.854,0.5516,0.952,0.938,0.70966,Non-thermophilic,0.0018548082837850208,44.24797821044922,51.62129211425781,46.560302734375,47.476524353027344,3.771078893617677
47,1-10,1,P72S,0,,True,SKGEELFTGVVPILVELDGDVNGHKFSVRGEGEGDATNGKLTLKFICTTGKLPVPWPTLVTTLXVQCFSRYSDHMKRHDFFKSAMPEGYVQERTISFKDDGTYKTRAEVKFEGDTLVNRIELKGIDFKEDGNILGHKLEYNFNSHNVYITADKQKNGIKANFKIRHNVEDGSVQLADHYQQNTPIGDGPVLLPDNHYLSTQSVLSKDPNEKRDHMVLLEFVTAAGITHG,3.08694839477539,-0.0539071083068847,3.0198750495910645,0.509852743293604,0.3124582746125598,0.426818093383448,0.0,0.3929119218119513,-7.930904865264893,0.5250478386878967,0.3279999999999999,0.85,0.5367999999999999,0.998,0.918,0.7092799999999999,Non-thermophilic,0.0020837103260869273,44.62595748901367,51.58842849731445,46.92991256713867,47.71476618448893,3.546970120519493
48,1-10,1,I46Y,0,,True,SKGEELFTGVVPILVELDGDVNGHKFSVRGEGEGDATNGKLTLKFYCTTGKLPVPWPTLVTTLXVQCFSRYPDHMKRHDFFKSAMPEGYVQERTISFKDDGTYKTRAEVKFEGDTLVNRIELKGIDFKEDGNILGHKLEYNFNSHNVYITADKQKNGIKANFKIRHNVEDGSVQLADHYQQNTPIGDGPVLLPDNHYLSTQSVLSKDPNEKRDHMVLLEFVTAAGITHG,2.9823789596557617,0.0264397859573364,3.019488573074341,0.2812388415853829,0.6165215873348082,0.4259345350381854,0.0,0.3658747825547614,-10.337250709533691,0.5293862223625183,0.74,0.27,0.552,0.994,0.848,0.7069,Non-thermophilic,0.0034914895363960603,45.19450759887695,51.659446716308594,47.1121826171875,47.988712310791016,3.320404745787922
49,1-10,9,K2S;I13R;F45A;F80H;D114S;L122T;K123R;K163S;D187S,2,F45A_CORE,False,SSGEELFTGVVPRLVELDGDVNGHKFSVRGEGEGDATNGKLTLKAICTTGKLPVPWPTLVTTLXVQCFSRYPDHMKRHDHFKSAMPEGYVQERTISFKDDGTYKTRAEVKFEGSTLVNRIETRGIDFKEDGNILGHKLEYNFNSHNVYITADKQKNGIKANFSIRHNVEDGSVQLADHYQQNTPIGSGPVLLPDNHYLSTQSVLSKDPNEKRDHMVLLEFVTAAGITHG,2.8819408416748047,0.1156253576278686,2.984409809112549,0.0616569914435237,0.9540338286915389,0.3457378521900475,0.1052631578891966,0.3459279895493996,-85.064697265625,0.525981605052948,0.992,0.004,0.5968,0.836,0.906,0.70298,Non-thermophilic,0.0009009959453579886,44.91801834106445,51.895042419433594,49.026451110839844,48.6131706237793,3.506824320988213
50,1-10,2,C67R;A84K,1,A84K_CAUTION,True,SKGEELFTGVVPILVELDGDVNGHKFSVRGEGEGDATNGKLTLKFICTTGKLPVPWPTLVTTLXVQRFSRYPDHMKRHDFFKSKMPEGYVQERTISFKDDGTYKTRAEVKFEGDTLVNRIELKGIDFKEDGNILGHKLEYNFNSHNVYITADKQKNGIKANFKIRHNVEDGSVQLADHYQQNTPIGDGPVLLPDNHYLSTQSVLSKDPNEKRDHMVLLEFVTAAGITHG,3.064293622970581,-0.0458739042282104,3.031923055648804,0.4603239706777642,0.342858984762016,0.4543621118048884,0.0526315789445983,0.3889961132509354,-20.11498069763184,0.5334517359733582,0.42,0.81,0.5760000000000001,0.974,0.758,0.7028,Non-thermophilic,0.002505476384175272,44.087738037109375,51.720706939697266,46.72193145751953,47.510125478108726,3.877046675955535
