final_rank,candidate_id,Group,Num_mutations,Mutations,Risk_score,Critical_mutations,Near_exclusion,base_score,stability_score,noise20_score,base_norm,stab_norm,noise_norm,risk_norm,final_score,saprot_score,esm_score,mpnn_base_norm,mpnn_stability_norm,MPNN_score,SaProt_score,ESM_score,Ensemble_score,cls_prediction,cls_score,tm_replica1,tm_replica2,tm_replica3,tm_mean,tm_std,total_energy,Backbone_Hbond,Sidechain_Hbond,Van_der_Waals,Electrostatics,Solvation_Polar,Solvation_Hydrophobic,Van_der_Waals_clashes,entropy_sidechain,entropy_mainchain,sloop_entropy,mloop_entropy,cis_bond,torsional_clash,backbone_clash,helix_dipole,water_bridge,disulfide,electrostatic_kon,partial_covalent_bonds,energy_Ionisation,Entropy_Complex,mpnn_norm,saprot_norm,esm_norm,tm_norm,tm_variability_norm,temberture_score,foldx_energy,foldx_clashes,foldx_entropy,foldx_electro,foldx_solvation,foldx_score,Mutations_shifted,Sequence,Length_full
1,32,1-10,4,T61A;E121V;I164S;E219I,1,E219I_CAUTION,False,3.009405851364136,-0.0637990236282348,2.8841116428375244,0.3403261184500653,0.2750234917336272,0.1164372918918268,0.0526315789445983,0.8444499999999999,-34.40721130371094,0.5485387444496155,0.634,0.894,0.738,0.94,0.358,0.7314999999999999,Non-thermophilic,0.0055511487088187,48.9207878112793,50.86004638671875,47.38969802856445,49.05684407552083,1.7391701791416438,2.280502,0.3463942,2.564192,1.579816,0.28048088,-2.674232,2.222298,0.9539554,-1.559132,-1.562238,0.0,0.0,0.0,0.30857948,-0.2954758,0.0,0.0,0.0,0.0,0.0,-0.17961258,0.0,0.78,0.64,0.96,0.96,0.96,0.96,0.88,0.62,0.74,0.4,0.3399999999999999,0.763,T62A;E124V;I167S;E222I,MSKGEELFTGVVPILVELDGDVNGHKFSVRGEGEGDATNGKLTLKFICTTGKLPVPWPTLVATLTYGVQCFSRYPDHMKRHDFFKSAMPEGYVQERTISFKDDGTYKTRAEVKFEGDTLVNRIVLKGIDFKEDGNILGHKLEYNFNSHNVYITADKQKNGIKANFKSRHNVEDGSVQLADHYQQNTPIGDGPVLLPDNHYLSTQSVLSKDPNEKRDHMVLLIFVTAAGITHGMDELYK,238
2,5,1-10,8,V21C;H24E;T48I;V54S;R77L;D99G;Q154G;V216M,2,R77L_CORE,False,2.9507603645324707,-0.0148076057434082,2.925779342651367,0.2121129981742691,0.460425714849224,0.2116975271333498,0.1052631578891966,0.7894500000000001,-69.30174255371094,0.5219328999519348,0.862,0.604,0.7588,0.87,0.94,0.8137800000000001,Non-thermophilic,0.0044476955271364,48.143951416015625,51.01033020019531,48.817420959472656,49.3239008585612,1.4988072757143964,5.672846,0.5307721400000001,0.7686009200000001,1.0572502,0.313742,-0.8373828,2.6797,-0.2372454,0.4844584,1.0061752,0.0,0.0,0.0,0.057647178,-0.0238942199999999,0.0,0.0,0.0,0.0,0.0,-0.15087294,0.0,0.86,0.42,0.16,1.0,0.98,0.997,0.54,0.88,0.2199999999999999,0.3399999999999999,0.24,0.551,V22C;H25E;T49I;V55S;R80L;D102G;Q157G;V219M,MSKGEELFTGVVPILVELDGDCNGEKFSVRGEGEGDATNGKLTLKFICITGKLPSPWPTLVTTLTYGVQCFSRYPDHMKLHDFFKSAMPEGYVQERTISFKGDGTYKTRAEVKFEGDTLVNRIELKGIDFKEDGNILGHKLEYNFNSHNVYITADKGKNGIKANFKIRHNVEDGSVQLADHYQQNTPIGDGPVLLPDNHYLSTQSVLSKDPNEKRDHMMLLEFVTAAGITHGMDELYK,238
3,9,1-10,4,F45V;K104S;G186Y;D213N,2,F45V_CORE,False,2.9809131622314453,-0.0355320692062377,2.926279783248902,0.2780342563458866,0.3819964355023897,0.2128416289018299,0.1052631578891966,0.7389,-42.405364990234375,0.5326185822486877,0.748,0.756,0.7512,0.922,0.78,0.7982199999999999,Non-thermophilic,0.0029490032295489,46.905067443847656,51.538822174072266,47.32529830932617,48.58972930908203,2.562617809941123,12.79122,1.2577448,2.178696,1.484726,0.36080754,-0.35019864,2.709178,4.329362000000001,-1.2344694,1.764058,0.0,0.0,0.0,0.2948906999999999,0.0946069,0.0,0.0,0.0,0.0,0.0,-0.00356452,0.0,0.82,0.58,0.62,0.88,0.88,0.88,0.3199999999999999,0.3199999999999999,0.64,0.3,0.2199999999999999,0.346,F46V;K107S;G189Y;D216N,MSKGEELFTGVVPILVELDGDVNGHKFSVRGEGEGDATNGKLTLKVICTTGKLPVPWPTLVTTLTYGVQCFSRYPDHMKRHDFFKSAMPEGYVQERTISFKDDGTYSTRAEVKFEGDTLVNRIELKGIDFKEDGNILGHKLEYNFNSHNVYITADKQKNGIKANFKIRHNVEDGSVQLADHYQQNTPIYDGPVLLPDNHYLSTQSVLSKDPNEKRNHMVLLEFVTAAGITHGMDELYK,238
4,20,1-10,2,T37S;D79I,0,,True,2.971257209777832,-0.0097229719161987,2.970233917236328,0.2569240250186904,0.479667909829365,0.3133290847053938,0.0,0.72275,-17.779706954956055,0.5383051633834839,0.784,0.556,0.6928000000000001,0.98,0.628,0.75488,Non-thermophilic,0.0023590040996756,46.00059509277344,51.95636367797851,48.211204528808594,48.72272109985352,3.010653045764173,5.599462,0.9180468,1.844638,-0.7349791999999999,2.333192,-1.328246,-2.025128,1.7982856000000005,0.4437263999999999,0.817736,0.0,0.0,0.0,1.53307,0.3745348,0.0,0.0,0.0,0.0,0.0,-0.00088002022738,0.0,0.54,0.82,0.84,0.94,0.72,0.907,0.56,0.4399999999999999,0.26,0.04,0.8200000000000001,0.4930000000000001,T38S;D82I,MSKGEELFTGVVPILVELDGDVNGHKFSVRGEGEGDASNGKLTLKFICTTGKLPVPWPTLVTTLTYGVQCFSRYPDHMKRHIFFKSAMPEGYVQERTISFKDDGTYKTRAEVKFEGDTLVNRIELKGIDFKEDGNILGHKLEYNFNSHNVYITADKQKNGIKANFKIRHNVEDGSVQLADHYQQNTPIGDGPVLLPDNHYLSTQSVLSKDPNEKRDHMVLLEFVTAAGITHGMDELYK,238
5,3,1-10,2,T105L;E169H,0,,True,2.975836992263794,-0.0247059345245361,2.9140870571136475,0.2669365295511376,0.4229666609907605,0.1849667530370986,0.0,0.68745,-22.417747497558597,0.5299058556556702,0.772,0.698,0.7424,0.972,0.84,0.8144399999999999,Non-thermophilic,0.0033545546650897,45.172698974609375,51.73583221435547,46.48257064819336,47.7970339457194,3.473404641137034,-1.249906,-0.2900203,-0.193486044,-1.300718,-0.0973192599999999,0.5090698,-2.4036619999999997,1.375306,0.4819538,0.732983,0.0,0.0,0.0,-0.117098474,0.09161622,0.0,0.0,0.0,0.0,0.0,0.05308264,0.0,0.8,0.76,0.5,0.58,0.5,0.568,0.98,0.52,0.24,0.7,0.88,0.795,T108L;E172H,MSKGEELFTGVVPILVELDGDVNGHKFSVRGEGEGDATNGKLTLKFICTTGKLPVPWPTLVTTLTYGVQCFSRYPDHMKRHDFFKSAMPEGYVQERTISFKDDGTYKLRAEVKFEGDTLVNRIELKGIDFKEDGNILGHKLEYNFNSHNVYITADKQKNGIKANFKIRHNVHDGSVQLADHYQQNTPIGDGPVLLPDNHYLSTQSVLSKDPNEKRDHMVLLEFVTAAGITHGMDELYK,238
6,19,1-10,9,G9M;G19N;S69Y;R77L;E108S;G131D;A151N;R165P;E169G,2,R77L_CORE,False,2.924105405807495,-0.0252553224563598,2.877004623413086,0.1538388561458936,0.4208875673798661,0.100189302555656,0.1052631578891966,0.66705,-94.5855941772461,0.5515734553337097,0.942,0.704,0.8468,0.818,0.284,0.75518,Non-thermophilic,0.0029872764679988,46.97486114501953,50.09543228149414,46.97737503051758,48.015889485677086,1.8009373280686485,31.37634,-0.3086464599999999,-1.2352296,-4.292834,3.641214,7.336202,-5.08252,24.14928,0.8963433999999999,4.03232,0.0,0.0,0.0,2.2336738,0.7414278000000001,0.0,0.0,0.0,0.0,0.0,0.0065268199999999,0.0,1.0,0.22,0.98,0.64,0.94,0.685,0.0999999999999999,0.0999999999999999,0.18,0.0,0.98,0.147,G10M;G20N;S72Y;R80L;E111S;G134D;A154N;R168P;E172G,MSKGEELFTMVVPILVELDNDVNGHKFSVRGEGEGDATNGKLTLKFICTTGKLPVPWPTLVTTLTYGVQCFYRYPDHMKLHDFFKSAMPEGYVQERTISFKDDGTYKTRASVKFEGDTLVNRIELKGIDFKEDDNILGHKLEYNFNSHNVYITNDKQKNGIKANFKIPHNVGDGSVQLADHYQQNTPIGDGPVLLPDNHYLSTQSVLSKDPNEKRDHMVLLEFVTAAGITHGMDELYK,238
7,36,1-10,4,L6C;N22A;K44T;S199P,0,,False,2.9362387657165527,0.0294010639190673,2.9628400802612305,0.1803652952192848,0.6277281933297366,0.2964253762517949,0.0,0.6627500000000001,-41.06866455078125,0.5351275205612183,0.91,0.254,0.6476000000000001,0.928,0.708,0.72676,Non-thermophilic,0.0042237205582429,45.81100845336914,51.68626403808594,49.9000244140625,49.132432301839195,3.0119022700773437,4.764022,2.166766,1.7591639999999995,1.469042,0.6934342,-2.553044,1.42481,1.67748,-1.474816,-0.353071,0.0,0.0,0.0,-0.045741342,-0.3334072,0.0,0.0,0.0,0.0,0.0,-9.44518e-08,0.0,0.32,0.62,0.74,0.98,0.7,0.938,0.7,0.4599999999999999,0.7,0.2199999999999999,0.48,0.617,L7C;N23A;K45T;S202P,MSKGEECFTGVVPILVELDGDVAGHKFSVRGEGEGDATNGKLTLTFICTTGKLPVPWPTLVTTLTYGVQCFSRYPDHMKRHDFFKSAMPEGYVQERTISFKDDGTYKTRAEVKFEGDTLVNRIELKGIDFKEDGNILGHKLEYNFNSHNVYITADKQKNGIKANFKIRHNVEDGSVQLADHYQQNTPIGDGPVLLPDNHYLPTQSVLSKDPNEKRDHMVLLEFVTAAGITHGMDELYK,238
8,10,1-10,3,G9A;N38A;H166T,0,,False,3.0195226669311523,-0.0742949247360229,2.9446260929107666,0.3624439072378904,0.2353029961243736,0.2547847594804585,0.0,0.63725,-31.881237030029297,0.5335877537727356,0.5860000000000001,0.93,0.7236,0.946,0.752,0.78346,Non-thermophilic,0.0023014051229151,45.26044464111328,51.60002136230469,47.15098571777344,48.00381724039713,3.254696522788797,5.078304,0.4705336,1.796936,1.1347200000000002,0.0081156559999999,-1.138296,1.40766,1.823108,-1.021928,0.5811544,0.0,0.0,0.0,0.13883044,-0.4046648,0.0,0.0,0.0,0.0,0.0,-0.1225284,0.0,0.68,0.66,0.6599999999999999,0.62,0.64,0.623,0.62,0.42,0.5800000000000001,0.56,0.5,0.5670000000000001,G10A;N39A;H169T,MSKGEELFTAVVPILVELDGDVNGHKFSVRGEGEGDATAGKLTLKFICTTGKLPVPWPTLVTTLTYGVQCFSRYPDHMKRHDFFKSAMPEGYVQERTISFKDDGTYKTRAEVKFEGDTLVNRIELKGIDFKEDGNILGHKLEYNFNSHNVYITADKQKNGIKANFKIRTNVEDGSVQLADHYQQNTPIGDGPVLLPDNHYLSTQSVLSKDPNEKRDHMVLLEFVTAAGITHGMDELYK,238
9,14,1-10,8,P86K;K123S;H136E;S144Q;Y148L;N182S;K206Y;H228A,4,Y148L_CORE;H228A_CORE,False,3.002893209457397,-0.0317947626113891,2.9292361736297607,0.326087918970221,0.3961398300205573,0.2196004959476388,0.2105263157783933,0.6365500000000001,-84.67503356933594,0.5207139253616333,0.6679999999999999,0.74,0.6967999999999999,0.838,0.952,0.7703799999999998,Non-thermophilic,0.001615511286042,45.59538269042969,51.965065002441406,47.56344223022461,48.374629974365234,3.261400367353218,3.360846,2.332166,6.39613,2.7933060000000003,-0.66880824,-5.818642,2.6529,-1.2169956,-3.277928,-0.5292413579999999,0.0,0.0,-1.04354,2.183706,-0.01370546,0.0,0.0,0.0,0.0,0.0,-0.4422031999999999,0.0,0.56,0.32,0.12,0.8,0.62,0.773,0.78,0.98,0.92,0.8,0.26,0.8089999999999999,P89K;K126S;H139E;S147Q;Y151L;N185S;K209Y;H231A,MSKGEELFTGVVPILVELDGDVNGHKFSVRGEGEGDATNGKLTLKFICTTGKLPVPWPTLVTTLTYGVQCFSRYPDHMKRHDFFKSAMKEGYVQERTISFKDDGTYKTRAEVKFEGDTLVNRIELSGIDFKEDGNILGEKLEYNFNQHNVLITADKQKNGIKANFKIRHNVEDGSVQLADHYQQSTPIGDGPVLLPDNHYLSTQSVLSYDPNEKRDHMVLLEFVTAAGITAGMDELYK,238
10,6,11-20,12,A36I;L41A;D79C;E87R;Y103V;L122G;N143A;N161H;L198I;L218V;T227P;H228V,6,L198I_CORE;L218V_CORE;H228V_CORE,False,2.96228289604187,-0.0263702630996704,2.9509928226470947,0.2373040196511103,0.4166682064624567,0.2693403067055618,0.31578947366759,0.636,-118.5468521118164,0.5185883641242981,0.8180000000000001,0.71,0.7747999999999999,0.77,0.972,0.80318,Non-thermophilic,0.0044955535154071,48.40580749511719,50.88478469848633,45.28184127807617,48.19081115722656,2.807652277626122,19.11618,3.433468,7.184164,4.919612,1.851454,-5.2882359999999995,7.67027,2.396756,-3.676596,0.7833808,0.0,0.0,0.0,-0.03899316,0.5465378000000001,0.0,0.0,0.0,0.0,0.0,-0.1190825,0.0,0.9,0.08,0.06,0.76,0.8200000000000001,0.769,0.24,0.36,0.94,0.0799999999999999,0.04,0.3159999999999999,A37I;L42A;D82C;E90R;Y106V;L125G;N146A;N164H;L201I;L221V;T230P;H231V,MSKGEELFTGVVPILVELDGDVNGHKFSVRGEGEGDITNGKATLKFICTTGKLPVPWPTLVTTLTYGVQCFSRYPDHMKRHCFFKSAMPRGYVQERTISFKDDGTVKTRAEVKFEGDTLVNRIEGKGIDFKEDGNILGHKLEYNFASHNVYITADKQKNGIKAHFKIRHNVEDGSVQLADHYQQNTPIGDGPVLLPDNHYISTQSVLSKDPNEKRDHMVLVEFVTAAGIPVGMDELYK,238
